{
   "lambdatest_auth": {
      "username": "anshita.bhasin",
      "access_key": "yxu3wRJAzjY2rpgWjla3S5kBqwWTryAlfZIWNbdSGURPoXyoxR"
   },
   "browsers": [
      {
         "browser": "Chrome",
         "platform": "Windows 10",
         "versions": [
            "latest-1"
         ]
      },
      {
         "browser": "Firefox",
         "platform": "Windows 10",
         "versions": [
            "latest-1"
         ]
      }
   ],
   "run_settings": {
      "config_file": "cypress.config.js",
      "reporter_config_file": "base_reporter_config.json",
      "build_name": "build-name",
      "parallels": 1,
      "specs": "./cypress/e2e/*/*.cy.js",
      "ignore_files": "",
      "network": false,
      "headless": false,
      "npm_dependencies": {
         "cypress": "11.2.0"
      }
   },
   "tunnel_settings": {
      "tunnel": false,
      "tunnel_name": null
   }
}